Company Name,Company Size,Company Logo
Công ty Cổ phần React Plus,100-499 nhân viên,https://cdn-new.topcv.vn/unsafe/https://static.topcv.vn/company_logos/xgy6eivFJvj2cltTN5QTXf1ak0QF7SAp_1705033556____9437081ef5f66263aa666e849633b7d4.png
Công ty Cổ phần MISA,3000+ nhân viên,https://cdn-new.topcv.vn/unsafe/https://static.topcv.vn/company_logos/YVVFSY05ZUhqjlVHtBl2kOD1a189WFj0_1652947920____d78c5dd2ab820dcbb9a367b40e712067.jpg
Công Ty TNHH LG CNS VIỆT NAM,100-499 nhân viên,https://cdn-new.topcv.vn/unsafe/https://static.topcv.vn/company_logos/jkMAlgQm5lFqdCyFLoDEaN73aK2m8tsV_1739529025____7c4c1881c21831397e294ebc1c07e13b.jpg
CÔNG TY TNHH VLAST VIỆT NAM,100-499 nhân viên,https://cdn-new.topcv.vn/unsafe/https://static.topcv.vn/company_logos/cong-ty-tnhh-vlast-viet-nam-7771fa511ce0d84c0ae9e6d3a5d1058d-671745ab5578c.jpg
Công Ty TNHH Hanesbrands Việt Nam Huế,1000+ nhân viên,https://cdn-new.topcv.vn/unsafe/https://static.topcv.vn/company_logos/cong-ty-tnhh-hanesbrands-viet-nam-hue-5f12a7c23f789.jpg
CÔNG TY TRÁCH NHIỆM HỮU HẠN THK HOLDINGS VIỆT NAM,25-99 nhân viên,https://cdn-new.topcv.vn/unsafe/https://static.topcv.vn/company_logos/6867591fcbdd31751603487.jpg
Không có tên công ty,Không có mô tả công ty,Không có logo
Công ty TNHH AIRCLOSET ENGINEERING,25-99 nhân viên,https://cdn-new.topcv.vn/unsafe/https://static.topcv.vn/company_logos/68ccfe2c0300d1758264876.png
TRUNG TÂM CNTT MOBIFONE,100-499 nhân viên,https://cdn-new.topcv.vn/unsafe/https://static.topcv.vn/company_logos/gd8tcbcfhiqhmzM6Ax1BYY84aA0u9V1E_1685586621____be0b3ca37117531f26ac08b69c0922c9.png
CÔNG TY CỔ PHẦN THANH TOÁN ĐIỆN TỬ VNPT,25-99 nhân viên,https://cdn-new.topcv.vn/unsafe/https://static.topcv.vn/company_logos/cong-ty-co-phan-thanh-toan-dien-tu-vnpt-611b6f9e4aca7.jpg
CÔNG TY TNHH APPEN DATA TECHNOLOGY VIỆT NAM,100-499 nhân viên,https://cdn-new.topcv.vn/unsafe/https://static.topcv.vn/company_logos/42YU9ViWo9aOtKHif61k3LkzS3npUJXW_1711699017____91671bdd2347b5f8d93528e4b4338d46.png
Không có tên công ty,Không có mô tả công ty,Không có logo
CÔNG TY TNHH EKYO VIỆT NAM,10-24 nhân viên,https://cdn-new.topcv.vn/unsafe/https://static.topcv.vn/company_logos/cong-ty-tnhh-ekyo-viet-nam-06bab7eae3876388e5c7581c5a0fc9a6-6785c26e97b66.jpg
CÔNG TY TNHH TRUYỀN THÔNG MITCA,10-24 nhân viên,https://cdn-new.topcv.vn/unsafe/https://static.topcv.vn/company_logos/zpechrT9tSC82IRsOjEoMYhPZpOlGnv5_1672210704____531a69eeaae8a86fa8586e614a16650b.png
Công ty Cổ phần TCC & Partners,25-99 nhân viên,https://cdn-new.topcv.vn/unsafe/https://static.topcv.vn/company_logos/mjUgYINje6jYPgXZcvwDbBQSo0nAPxFt_1684222522____05ef2ea08dcda675395ec0b1feaf9f67.png
CÔNG TY TNHH RAKUS VIỆT NAM,25-99 nhân viên,https://cdn-new.topcv.vn/unsafe/https://static.topcv.vn/company_logos/cong-ty-tnhh-rakus-viet-nam-61a5ae3d732ca.jpg
Công ty Cổ phần Falcon Technology,100-499 nhân viên,https://cdn-new.topcv.vn/unsafe/https://static.topcv.vn/company_logos/cong-ty-co-phan-falcon-technology-81320f9a475dbf9285bacb89bcf6daa3-651398605552d.jpg
Công ty cổ phần PT HUB,25-99 nhân viên,https://cdn-new.topcv.vn/unsafe/https://static.topcv.vn/company_logos/J8cKJwl1PbkZnMXtFpRpAfa6kGxeFEQU_1762019695____b66cec3c24280f26020da244e74af800.png
CÔNG TY TNHH MEGA COMBAT,10-24 nhân viên,https://cdn-new.topcv.vn/unsafe/https://static.topcv.vn/company_logos/684f7a6c85c371750039148.jpg
CÔNG TY CỔ PHẦN DỊCH VỤ TÀI SẢN VIỆT NAM,25-99 nhân viên,https://cdn-new.topcv.vn/unsafe/https://static.topcv.vn/company_logos/69717ed66a6621769045718.jpg
Công TY TNHH FLINTERS Việt Nam,100-499 nhân viên,https://cdn-new.topcv.vn/unsafe/https://static.topcv.vn/company_logos/3GVkmKOLpj93qplAmbdtxc5P36HFRjwk_1671507807____7dcbb600b4dddd65f0889afe9930e694.png
Văn phòng đại diện NSTAGE INC tại thành phố Hà Nội,25-99 nhân viên,https://cdn-new.topcv.vn/unsafe/https://static.topcv.vn/company_logos/wSTr5Uf3uJ6yFp7KDaU8b5mCxPOXdAIw_1753435059____ddb92f6ff76375038798b756ca79ec86.jpg
CÔNG TY TNHH ISB VIỆT NAM,100-499 nhân viên,https://cdn-new.topcv.vn/unsafe/https://static.topcv.vn/company_logos/vfH5Qj1fBIKFHzcv3Dma6eu0iUthoE99_1660036553____031e0da6643b18b7399af6234aefa38b.png
Công Ty TNHH Trung Sơn Alpha,500-1000 nhân viên,https://cdn-new.topcv.vn/unsafe/https://static.topcv.vn/company_logos/CdgnFqtAwcwearMTS2HQ2qfzZ2EnTqZR_1752206394____8e6d62c8182c5fb00138e16edf6e314d.png
CÔNG TY CỔ PHẦN DS SOLUTION VIỆT NAM,25-99 nhân viên,https://cdn-new.topcv.vn/unsafe/https://static.topcv.vn/company_logos/2GOvruJsJWngVHR8liVyTN4OPVlIxqkG_1651735739____8347bf0f32723b2d6a8949257ef2bbe8.png
Không có tên công ty,Không có mô tả công ty,Không có logo
CÔNG TY TNHH PHÁT TRIỂN BẤT ĐỘNG SẢN NOVASKY,100-499 nhân viên,https://cdn-new.topcv.vn/unsafe/https://static.topcv.vn/company_logos/69007bb43341d1761639348.jpg
CÔNG TY TNHH TORILAB,25-99 nhân viên,https://cdn-new.topcv.vn/unsafe/https://static.topcv.vn/company_logos/68a2f2ce0ece51755509454.jpg
CÔNG TY TNHH PHẦN MỀM ALLIANCE,10-24 nhân viên,https://cdn-new.topcv.vn/unsafe/https://static.topcv.vn/company_logos/69411b1346a6a1765874451.png
Công ty TNHH OS Research,1-9 nhân viên,https://cdn-new.topcv.vn/unsafe/https://static.topcv.vn/company_logos/8XJg93adwCgYLkY0eNXDHzs4aaNcX8Y2_1742808500____89bbbb1d3402c210b9e458dfbd90a6aa.PNG
Công Ty TNHH Truyền Thông Ureka Việt Nam,25-99 nhân viên,https://cdn-new.topcv.vn/unsafe/https://static.topcv.vn/company_logos/Aw1U8SnrgkdpH2KAnMiH6YSt9AJ2zuJs_1684296216____83885769075f9169eb448a8a98385857.png
Không có tên công ty,Không có mô tả công ty,Không có logo
CÔNG TY TNHH SAMSUNG SDS VIỆT NAM,500-1000 nhân viên,https://cdn-new.topcv.vn/unsafe/https://static.topcv.vn/company_logos/cong-ty-tnhh-samsung-sds-viet-nam-6075021cab6e8.jpg
CÔNG TY TNHH CTI VN,25-99 nhân viên,https://cdn-new.topcv.vn/unsafe/https://static.topcv.vn/company_logos/zALzHq0F3pXhTKrtcS45LgWihPetZqjp_1729158652____b4fa81e1ae3536791182cd1df8339d6b.jpeg
VIETTEL THÀNH PHỐ HỒ CHÍ MINH - CHI NHÁNH TẬP ĐOÀN CÔNG NGHIỆP - VIỄN THÔNG QUÂN ĐỘI,1000+ nhân viên,https://cdn-new.topcv.vn/unsafe/https://static.topcv.vn/company_logos/CmL3jOhL5gsqrmM3VZjH8hmVCsTXhoMG_1732694578____5a5d0bde351f06af382480a0ab8c3569.jpg
CÔNG TY TNHH SOLID & SOFT,25-99 nhân viên,https://cdn-new.topcv.vn/unsafe/https://static.topcv.vn/company_logos/67e189b64b5d21742834102.png
Công ty Cổ phần Giải pháp công nghệ Trực tuyến GTEL (GTEL OTS),100-499 nhân viên,https://cdn-new.topcv.vn/unsafe/https://static.topcv.vn/company_logos/zCT7XolE564lmffgHZ63IBkP6qkAJnj7_1716860429____192aa236d376ce09b12fb219c3e615f6.png
Công Ty Cổ Phần Tập Đoàn Thời Trang MELYA.vn,100-499 nhân viên,https://cdn-new.topcv.vn/unsafe/https://static.topcv.vn/company_logos/AxvWcwVLEGyPzLG33onzmovY1FLtMHSx_1644913377____f2f44ac7709d6c0124ad0610b0f8c9ac.png
CÔNG TY TNHH THƯƠNG MẠI DỊCH VỤ LIFESTYLE VIỆT NAM,10-24 nhân viên,https://cdn-new.topcv.vn/unsafe/https://static.topcv.vn/company_logos/Br3wrXcKPTTl2a6T8fXfb5oiF4DCgn7V_1761295603____7a5cb09ff9978f40434ab83bc64d388f.jpg
Wavez Technologies,25-99 nhân viên,https://cdn-new.topcv.vn/unsafe/https://static.topcv.vn/company_logos/y8uQ5s7PkLOLUJhkRh8uvc6tP1NUZEOg_1644460443____4a898ae79361902f48d29be4513b6f1c.png
CÔNG TY TNHH KỸ SƯ CÔNG NGHỆ CAO VN,25-99 nhân viên,https://cdn-new.topcv.vn/unsafe/https://static.topcv.vn/company_logos/cong-ty-tnhh-ky-su-cong-nghe-cao-vn-e5f840b18b523eef06ffafbe8099b779-64e4600072676.jpg
CÔNG TY CỔ PHẦN CÔNG NGHỆ CHIẾU SÁNG ĐẠI DƯƠNG XANH,10-24 nhân viên,https://cdn-new.topcv.vn/unsafe/https://static.topcv.vn/company_logos/phCWga9LzxSRMuunf6oqHzdNyyBqhYYP_1770194241____404f9d4b9e5e42f3763900de81f4d63c.PNG
CÔNG TY TNHH THƯƠNG MẠI VÀ DỊCH VỤ UNI VIỆT NAM,100-499 nhân viên,https://cdn-new.topcv.vn/unsafe/https://static.topcv.vn/company_logos/N7Cyu93fFe7J5NpFyKgIohep1TOBqzOn_1695110290____4b7dabf325927ea8303f627f31c956ad.jpg
CÔNG TY CỔ PHẦN DỊCH VỤ DI ĐỘNG THỂ HỆ MỚI (NMS),500-1000 nhân viên,https://cdn-new.topcv.vn/unsafe/https://static.topcv.vn/company_logos/cong-ty-co-phan-dich-vu-di-dong-the-he-moi-nms-612f13af7b344.jpg
Công ty TNHH Avada Group,100-499 nhân viên,https://cdn-new.topcv.vn/unsafe/https://static.topcv.vn/company_logos/9JZlHBORyCYYo6AkPrzGRtJmuaOVNRRb_1755511779____01fb0971c4813d94a9ac5ee1deb728ec.png
CÔNG TY CỔ PHẦN CÔNG NGHỆ VCS VIỆT NAM,25-99 nhân viên,https://cdn-new.topcv.vn/unsafe/https://static.topcv.vn/company_logos/cong-ty-co-phan-cong-nghe-vcs-viet-nam-5fe56db1cb570.jpg
ABI Game Studio,100-499 nhân viên,https://cdn-new.topcv.vn/unsafe/https://static.topcv.vn/company_logos/bce3f8711b653f913e1e81c5f7eca9ef-615680844d421.jpg
CÔNG TY CỔ PHẦN BLACKGEMS GLOBAL,25-99 nhân viên,https://cdn-new.topcv.vn/unsafe/https://static.topcv.vn/company_logos/0j3YGE95eyYF08Ddviq9pGndwdG6JZFc_1744863171____f85a3dfee4dda26f3ffbc5d9050772e9.png
JOYBIT,25-99 nhân viên,https://cdn-new.topcv.vn/unsafe/https://static.topcv.vn/company_logos/pIYJ5csE4ZOfMBJV43akTRNDrEtuKiSH_1730861999____554784bcead0c771a31c2850af7ec661.png
CTY TNHH R TECHNO VIỆT NAM,100-499 nhân viên,https://cdn-new.topcv.vn/unsafe/https://static.topcv.vn/company_logos/cty-tnhh-r-techno-viet-nam-d50e5e9e47821a66eb1e8733264810b1-65f0fcaf57bea.jpg
CÔNG TY CỔ PHẦN CÔNG NGHỆ TECHLAB,25-99 nhân viên,https://cdn-new.topcv.vn/unsafe/https://static.topcv.vn/company_logos/C685Wbcv7rKaomM16Yt8GcbJuVAKmaEX_1722409637____1d8df165cc7b9eb6972a450011b5c43a.png
Công ty Cổ phần Công nghệ SAVIS,100-499 nhân viên,https://cdn-new.topcv.vn/unsafe/https://static.topcv.vn/company_logos/R2BNpfjRtWDuGNcvcjFAMZQZyzJaGEdA_1663581162____0fc00695ea1fc0b14ef5ca87649b7b04.jpg
CÔNG TY TNHH CÔNG NGHỆ FOOBLA,100-499 nhân viên,https://cdn-new.topcv.vn/unsafe/https://static.topcv.vn/company_logos/d4ca04f583dd51f4ea874306d3afcef0-660acd5c1c9a6.jpg
A.N.LAB (Công ty CP Trung tâm nghiên cứu A.N),25-99 nhân viên,https://cdn-new.topcv.vn/unsafe/https://static.topcv.vn/company_logos/a-n-lab-cong-ty-cp-trung-tam-nghien-cuu-a-n-5b10c52b3d911_rs.jpg
Công ty Cổ phần Chứng khoán Phú Hưng,100-499 nhân viên,https://cdn-new.topcv.vn/unsafe/https://static.topcv.vn/company_logos/cong-ty-co-phan-chung-khoan-phu-hung-6268ed4fe3ce0.jpg
Apero Technologies Group,100-499 nhân viên,https://cdn-new.topcv.vn/unsafe/https://static.topcv.vn/company_logos/68493993eaf991749629331.png
Nhất Tín Logistics,1000+ nhân viên,https://cdn-new.topcv.vn/unsafe/https://static.topcv.vn/company_logos/GnYpEITxxDTMjGPn4Tb91BwcuQdWQB42_1739507387____0f54a8f49cac11c1a341405fe70cd00a.png
Công ty Cổ phần EZ Technology,25-99 nhân viên,https://cdn-new.topcv.vn/unsafe/https://static.topcv.vn/company_logos/xhbS4tCRfpg9N1vNohLC.jpg
Công ty Cổ phần Giải pháp phần mềm Tài Chính,100-499 nhân viên,https://cdn-new.topcv.vn/unsafe/https://static.topcv.vn/company_logos/cong-ty-co-phan-giai-phap-phan-mem-tai-chinh-5d77622f6c738.jpg
CÔNG TY CỔ PHẦN DEHA VIỆT NAM,100-499 nhân viên,https://cdn-new.topcv.vn/unsafe/https://static.topcv.vn/company_logos/4uto0Cx24pYMh6Pvy7wnsrOb4hvsmlTW_1740383341____f964c6984856cdac7c54994ab363f99e.png
CÔNG TY TNHH SẢN XUẤT THƯƠNG MẠI DỊCH VỤ MAI THÀNH PHÁT,10-24 nhân viên,https://cdn-new.topcv.vn/unsafe/https://static.topcv.vn/company_logos/68e86da93407a1760062889.jpg
Công ty TNHH Dịch vụ công nghệ TP,100-499 nhân viên,https://cdn-new.topcv.vn/unsafe/https://static.topcv.vn/company_logos/cong-ty-tp-entertainment-5f87d39d2fb0c.jpg
BSS Group,100-499 nhân viên,https://cdn-new.topcv.vn/unsafe/https://static.topcv.vn/company_logos/pVP9OAcB9dK3on4AjkaKc7hLe258lwgl_1759483670____d3269c4b247e0f842cadbb8919d4f097.png
CÔNG TY TNHH CÔNG NGHỆ VIHAT,100-499 nhân viên,https://cdn-new.topcv.vn/unsafe/https://static.topcv.vn/company_logos/JX3itVxzQtDmTcGjEYWrPGdEiC1GSAyT_1648536946____9d9ef55ba6e3b76b824039af33fd6142.png
Công ty Cổ phần Vulcan Labs,25-99 nhân viên,https://cdn-new.topcv.vn/unsafe/https://static.topcv.vn/company_logos/tXcIZV9TgYEO5znrQxQak3YRtXQpM5YC_1696837205____2ba842889ebe26da9cfddea047774b7a.png
CÔNG TY TNHH CÁC GIẢI PHÁP SOFTEL,100-499 nhân viên,https://cdn-new.topcv.vn/unsafe/https://static.topcv.vn/company_logos/6WDK3TTDB1UEvzapkN9w0oMAd15Aq2YO_1691563031____3adc28f1630176e1f151e768fe7a8777.png
CÔNG TY CỔ PHẦN CÔNG NGHỆ UPP TOÀN CẦU,25-99 nhân viên,https://cdn-new.topcv.vn/unsafe/https://static.topcv.vn/company_logos/7RjLttpQFJDEUDJ01rHMOyCiV1o9uMAm_1659493285____7bd842519a8642e14faa5a63374ac751.png
CÔNG TY CỔ PHẦN ESTUARY,25-99 nhân viên,https://cdn-new.topcv.vn/unsafe/https://static.topcv.vn/company_logos/cong-ty-co-phan-estuary-623aa13f9a22a.jpg
CÔNG TY TNHH ONEF HOLDINGS,10-24 nhân viên,https://cdn-new.topcv.vn/unsafe/https://static.topcv.vn/v4/image/normal-company/logo_default.png
CÔNG TY CỔ PHẦN GIAO HÀNG TIẾT KIỆM,10000+ nhân viên,https://cdn-new.topcv.vn/unsafe/https://static.topcv.vn/company_logos/cong-ty-co-phan-giao-hang-tiet-kiem-637de1b0d244b.jpg
Công ty Cổ phần GEM,100-499 nhân viên,https://cdn-new.topcv.vn/unsafe/https://static.topcv.vn/company_logos/cong-ty-co-phan-gem-d065a7bf670f9494edbff96f9a53dc7b-6703853cb1ae7.jpg
CÔNG TY TÀI CHÍNH TÍN DỤNG TIÊU DÙNG TNHH MỘT THÀNH VIÊN AEON,1000+ nhân viên,https://cdn-new.topcv.vn/unsafe/https://static.topcv.vn/company_logos/691bf2809e0251763439232.png
CÔNG TY CỔ PHẦN CÔNG NGHỆ UPBASE,100-499 nhân viên,https://cdn-new.topcv.vn/unsafe/https://static.topcv.vn/company_logos/6o0bSyKGB6akYtA1jEaz08I9wN07StpJ_1684484876____4b05404b91af7c19924f92ce257a0bef.png
Công ty cổ phần BUFF Fintech,10-24 nhân viên,https://cdn-new.topcv.vn/unsafe/https://static.topcv.vn/company_logos/BcRLvkK1mglRcM5SkE8q7nVKrsWXQyCK_1663583905____d7dce002088735746701f36599a95ebd.jpg
Công ty TNHH Công nghiệp  Brother Việt Nam,10000+ nhân viên,https://cdn-new.topcv.vn/unsafe/https://static.topcv.vn/company_logos/mo6XJFnpiVSzukUcZBXpiwuTOhOPfIjE_1698375637____c844a1277490c8ac90a355ece7beb45a.png
"Step Up Education.,Jsc",100-499 nhân viên,https://cdn-new.topcv.vn/unsafe/https://static.topcv.vn/company_logos/vBg5IPMIsj6MU67HZoXTzAZND9R6rD8m_1721363829____be860c44f3f57da3283563e66c049064.png
Không có tên công ty,Không có mô tả công ty,Không có logo
CÔNG TY TNHH TIMIND,25-99 nhân viên,https://cdn-new.topcv.vn/unsafe/https://static.topcv.vn/company_logos/cong-ty-tnhh-timind-641d84b3b6fad.jpg
Công ty TNHH Digital Innovation,10-24 nhân viên,https://cdn-new.topcv.vn/unsafe/https://static.topcv.vn/company_logos/pvI8Vc1MCR5fcTwkEwA86IJddijQPOgV_1654745102____051786e4c83417116067d6913ba50727.png
Công ty TNHH Equix Technologies,100-499 nhân viên,https://cdn-new.topcv.vn/unsafe/https://static.topcv.vn/company_logos/ARFZDdZAEOTmcVOIGP5QueDaEV6KRszk_1727850747____c71a091882a009b755a196d73e8c538f.png
FPT Software,10000+ nhân viên,https://cdn-new.topcv.vn/unsafe/https://static.topcv.vn/company_logos/69085a9872b3a1762155160.png
INVIV CLOUD TECHNOLOGY JOINT STOCK COMPANY,25-99 nhân viên,https://cdn-new.topcv.vn/unsafe/https://static.topcv.vn/company_logos/SGDmbbn9b9VLokhYlipqqgLdjFWVvjyN_1741355798____9735364af2ce005cf4e6fb55e4142477.png
Công Ty Tài Chính Tổng hợp Cổ Phần Tín Việt,1000+ nhân viên,https://cdn-new.topcv.vn/unsafe/https://static.topcv.vn/company_logos/HC8u3bmNclZ4fUpTsIHosbpT32QalPvb_1754559803____b139155bfeb85e71bcfffc8d3680a37a.png
CÔNG TY TNHH HOPPER VIỆT NAM,25-99 nhân viên,https://cdn-new.topcv.vn/unsafe/https://static.topcv.vn/company_logos/On5i0jNqajgvR1OxkPnlPzr9xTzLUhVJ_1726201027____7da8f2bee8d8faefa5af1be5d54e76cd.png
Công ty Cổ Phần X-Media,25-99 nhân viên,https://cdn-new.topcv.vn/unsafe/https://static.topcv.vn/company_logos/cong-ty-co-phan-x-media-5ab0b78f4c3be_rs.jpg
Công ty Cổ Phần Galaxy Technology Services,100-499 nhân viên,https://cdn-new.topcv.vn/unsafe/https://static.topcv.vn/company_logos/CHOocGvdRW0UGz0lAMp8xrB0XEuzA5Tb_1734342287____aee83f623dd8517f4e58a76b725f3235.png
CÔNG TY CỔ PHẦN TẬP ĐOÀN THIÊN LONG,3000+ nhân viên,https://cdn-new.topcv.vn/unsafe/https://static.topcv.vn/company_logos/Tthw0EbOI3nXbEPJTJky1O12gZ6Y5D95_1752545219____b312e0facf2c4de53d6120795acc7215.jpg
Công ty cổ phần HBLAB,500-1000 nhân viên,https://cdn-new.topcv.vn/unsafe/https://static.topcv.vn/company_logos/ZIeKx7zySqFHSceDVK5Q8Lk4xIQY1Onm_1739515874____85215ee2e839c4a073d6a5f364b97ca0.png
CÔNG TY TNHH ĐIỆN MÁY SAKURA VIỆT NAM,25-99 nhân viên,https://cdn-new.topcv.vn/unsafe/https://static.topcv.vn/company_logos/cong-ty-tnhh-dien-may-sakura-viet-nam-1c9d1b702cf1809a61616c8d0500d53e-67bd465f4792c.jpg
Công ty Cổ phần Atomi Digital,100-499 nhân viên,https://cdn-new.topcv.vn/unsafe/https://static.topcv.vn/company_logos/cong-ty-co-phan-atomi-digital-62f5d0dae0d35.jpg
Công ty TNHH AEGONA,25-99 nhân viên,https://cdn-new.topcv.vn/unsafe/https://static.topcv.vn/company_logos/cong-ty-tnhh-aegona-1a4ba7c167b3ecd22e1e872e89737659-5dd26d18e6e17.jpg
Công ty TNHH GEAR INC VN,100-499 nhân viên,https://cdn-new.topcv.vn/unsafe/https://static.topcv.vn/company_logos/VkDCTNneS99wvuj2QJ0Yfp7OH2mvhV08_1710226668____88d18a3f74b8f65e9eae30f5f65a4d6b.png
CÔNG TY TNHH LINKTO,10-24 nhân viên,https://cdn-new.topcv.vn/unsafe/https://static.topcv.vn/company_logos/XygLOPmsk8f6YMcKhAMFxobERtNYj28q_1761730010____0471b3eb4f0f22c820db3aa7979dae6a.png
Không có tên công ty,Không có mô tả công ty,Không có logo
NTQ Solution,1000+ nhân viên,https://cdn-new.topcv.vn/unsafe/https://static.topcv.vn/company_logos/RiwQLoVBcbg0fITTMAWkNxx1vMt0OWtL_1739346923____877c435f9eefb6f69bc491fc719038da.jpg
CÔNG TY TNHH T4 TEK,10-24 nhân viên,https://cdn-new.topcv.vn/unsafe/https://static.topcv.vn/company_logos/HOLWHnVHaMknUuN4tQZxVKroONyu47D9_1660186161____c32c48f10bc367cb87a7eb92053ce7b3.png
Công ty CP Mĩ thuật và Truyền thông,100-499 nhân viên,https://cdn-new.topcv.vn/unsafe/https://static.topcv.vn/company_logos/cong-ty-cp-mi-thuat-va-truyen-thong-7c7260c2ac629c81265a3c035a074776-646b13c6a5953.jpg
Công ty TNHH MBC Playbe Việt Nam,100-499 nhân viên,https://cdn-new.topcv.vn/unsafe/https://static.topcv.vn/company_logos/X8ihazq2UjIGQD4ZiHl60egnz4IxCqEM_1691632353____8eb466a880cfe91a9499950c7076f99e.jpg
CÔNG TY CỔ PHẦN SYNCSOFT,25-99 nhân viên,https://cdn-new.topcv.vn/unsafe/https://static.topcv.vn/company_logos/P5rotMGIfqRj9L52kNYlfCO4hmkjun0B_1761535567____9100f5a8dc397cd19eb18edd5fcd2b9a.png
CÔNG TY CỔ PHẦN GIẢI PHÁP TỰ ĐỘNG HÓA KỸ THUẬT VIỆT NAM (AES VIỆT NAM),100-499 nhân viên,https://cdn-new.topcv.vn/unsafe/https://static.topcv.vn/company_logos/8jOnlpwyeinSVrSFpgPAqhcd8U3UpbW6_1651646795____181dbdd276934895c81ceb6fc215f3b3.png
CÔNG TY CỔ PHẦN LYNKID,100-499 nhân viên,https://cdn-new.topcv.vn/unsafe/https://static.topcv.vn/company_logos/cong-ty-co-phan-dich-vu-va-cong-nghe-linkid-62662afcc5330.jpg
TẬP ĐOÀN CÔNG NGHIỆP - VIỄN THÔNG QUÂN ĐỘI,5000+ nhân viên,https://cdn-new.topcv.vn/unsafe/https://static.topcv.vn/company_logos/682ee961129771747904865.jpg
Không có tên công ty,Không có mô tả công ty,Không có logo
CÔNG TY CỔ PHẦN NHA TRANG - ĐÀ LẠT,100-499 nhân viên,https://cdn-new.topcv.vn/unsafe/https://static.topcv.vn/company_logos/YqpjKiTqsc32YU3tElbZLM1CeMuLwajK_1758072488____f45b206edf3f01c2464ce89786b97153.png
Công Ty TNHH Giải Pháp Truyền Thông 917 Việt Nam,10-24 nhân viên,https://cdn-new.topcv.vn/unsafe/https://static.topcv.vn/company_logos/6tnSsRNH4Vw1X428Dhr89nPjDStQLRVi_1676517842____1c06e7eb215dd5ed3f1f8fae07380105.png
Công ty Cổ phần Thú y xanh Việt Nam,100-499 nhân viên,https://cdn-new.topcv.vn/unsafe/https://static.topcv.vn/company_logos/ixAxppOhTqTfIWwvabJhjFxRveULPOGd_1762850617____dd3145b3151073ce805ee55b9a810096.png
CÔNG TY TNHH ĐẦU TƯ THƯƠNG MẠI KOLA VIỆT NAM,10-24 nhân viên,https://cdn-new.topcv.vn/unsafe/https://static.topcv.vn/company_logos/tU8usrbjsnOAwF1NR9W9EiDfnItW1AdC_1709295875____25749e56213d603eec64022e00dadbde.png
Công ty cổ phần công nghệ - viễn thông Elcom,100-499 nhân viên,https://cdn-new.topcv.vn/unsafe/https://static.topcv.vn/company_logos/6848f6c20ff921749612226.jpg
CÔNG TY CỔ PHẦN SOCIAL ELITE,25-99 nhân viên,https://cdn-new.topcv.vn/unsafe/https://static.topcv.vn/company_logos/he2M4HgcNkSVMQd6TZOUnGgPA7M6YUXH_1688632664____16409ec8a20b67500b34e388341be723.png
CÔNG TY TNHH CÔNG NGHỆ PHẦN MỀM NASANI,100-499 nhân viên,https://cdn-new.topcv.vn/unsafe/https://static.topcv.vn/company_logos/DhYysXoLvTz4ZmYhOJqLRzDGkxBlFGoA_1756358745____c875c5e99794b52789c5c0b7a90145a3.png
PLUS GROUP (Công Ty TNHH Sự Kiện và Du Lịch Cộng),25-99 nhân viên,https://cdn-new.topcv.vn/unsafe/https://static.topcv.vn/company_logos/rChEkNIli0T2L548bJZcE2SaQwYucD1G_1695178077____4b443bf2878757faa552437a6bc6b3a2.png
Công ty TNHH Công nghiệp INTCO Việt Nam,1000+ nhân viên,https://cdn-new.topcv.vn/unsafe/https://static.topcv.vn/company_logos/KI3tHBDX6iFirSXmHvdBFp5OdUGSP7Gq_1711536933____b53aeb61d7e92ab2b9ec42549172679c.jpg
Công ty TNHH Funtime Media Corp,25-99 nhân viên,https://cdn-new.topcv.vn/unsafe/https://static.topcv.vn/company_logos/cong-ty-co-phan-funtime-media-corp-5b4d55696871f_rs.jpg
CÔNG TY TNHH CÔNG NGHỆ & ĐÀO TẠO KAI GROUP,25-99 nhân viên,https://cdn-new.topcv.vn/unsafe/https://static.topcv.vn/company_logos/OxfdrrA1a6sWyvgURuXXxitoVBWfPx6B_1742954110____c5f973e209991ce48113f5729aaae846.jpg
CÔNG TY CỔ PHẦN LOTUS TECHNOLOGY SERVICES,100-499 nhân viên,https://cdn-new.topcv.vn/unsafe/https://static.topcv.vn/company_logos/ea3d0d94a7848dde25af19f97774d42b-63f6d46eb26f1.jpg
Công ty CP An ninh mạng Việt Nam,100-499 nhân viên,https://cdn-new.topcv.vn/unsafe/https://static.topcv.vn/company_logos/NVBgbRUoVhxGPHPXhCQDfb5QsQICA32J_1717560299____a321e5dd6fe2ae3d9c3af0fe00a5ef6c.png
CÔNG TY CỔ PHẦN THƯƠNG MẠI DỊCH VỤ SẢN XUẤT HƯƠNG THỦY,500-1000 nhân viên,https://cdn-new.topcv.vn/unsafe/https://static.topcv.vn/company_logos/AU9SkdcDQF8IT5SDC1gAZ4jkjPqD3c9J_1728014614____d5b49222d369c63b71289a761dcd10e6.png
CÔNG TY TNHH ĐẦU TƯ VÀ PHÁT TRIỂN DỊCH VỤ DU LỊCH NGỌC DIỆP,100-499 nhân viên,https://cdn-new.topcv.vn/unsafe/https://static.topcv.vn/company_logos/cvv9z861ePc3pzTwgra2g81i5nqpUF2C_1686273474____e89060429c97da3db2264b849d28ac39.jpg
CÔNG TY TNHH NẾN THƠM KHỦNG LONG,25-99 nhân viên,https://cdn-new.topcv.vn/unsafe/https://static.topcv.vn/company_logos/fibVvkbstPfhbFNqXdy1eG0281M82QRv_1762865218____ad06fd0662e954c971187f1c9dbe67ab.png
CÔNG TY CỔ PHẦN HOSCO VIỆT NAM,25-99 nhân viên,https://cdn-new.topcv.vn/unsafe/https://static.topcv.vn/company_logos/FOO4Jd8G8nk5C00hvvmqYw6mhVgElPI2_1721881994____85aefc7cec8061b3f9cbeb2b66786adc.png
"CÔNG TY TNHH CƠ KHÍ CHÍNH XÁC, DỊCH VỤ VÀ THƯƠNG MẠI VIỆT NAM",100-499 nhân viên,https://cdn-new.topcv.vn/unsafe/https://static.topcv.vn/company_logos/v9zr7UYvXb16gIs2HRNiO2WZEnHxZdpn_1755329025____93621d5db8c68a6ddf2f47985745112c.jpg
CÔNG TY TNHH THIẾT BỊ THÔNG MINH O-TECH VIỆT NAM,25-99 nhân viên,https://cdn-new.topcv.vn/unsafe/https://static.topcv.vn/company_logos/8953242fcd8614a85389011c5bfc850f-667009d92e955.jpg
Công ty cổ phần đầu tư Phát triển Máy Việt Nam,500-1000 nhân viên,https://cdn-new.topcv.vn/unsafe/https://static.topcv.vn/company_logos/cong-ty-co-phan-dau-tu-phat-trien-may-viet-nam-5cc2d848a4388.jpg
CÔNG TY TNHH VI TÍNH NGUYÊN KIM,100-499 nhân viên,https://cdn-new.topcv.vn/unsafe/https://static.topcv.vn/company_logos/cong-ty-tnhh-vi-tinh-nguyen-kim-5cf484e929aae.jpg
CÔNG TY TNHH THANKSLAB VIỆT NAM,100-499 nhân viên,https://cdn-new.topcv.vn/unsafe/https://static.topcv.vn/company_logos/73vS4PVWFtYUOa2qJLmBpKOnp3hbTCt4_1727920353____8ce7a8e864d2c9acee1b457c47e49a17.png
CÔNG TY CỔ PHẦN CÔNG NGHỆ SANDBOXVN,25-99 nhân viên,https://cdn-new.topcv.vn/unsafe/https://static.topcv.vn/company_logos/3rgLYcma7wg126KwmBchxWAVCSJOHnOE_1740034656____0b1fc8adee7474fa2c0a73544fa62c4d.jpg
SVTECH,100-499 nhân viên,https://cdn-new.topcv.vn/unsafe/https://static.topcv.vn/company_logos/svtech-58ff22ffa1376_rs.jpg
HỘ KINH DOANH ARISMAN,10-24 nhân viên,https://cdn-new.topcv.vn/unsafe/https://static.topcv.vn/company_logos/jmy9jLgbQ2gAfd9iezFOObtrSYx9dkTI_1766655679____8bbb6d39f4a668f0dba6b01bfff52e3e.jpg
CÔNG TY TNHH XUẤT NHẬP KHẨU DƯỢC MỸ PHẨM THANH TRANG,100-499 nhân viên,https://cdn-new.topcv.vn/unsafe/https://static.topcv.vn/company_logos/C2uG4vZjtMrsgn94Wf7a7l2HD9tzt1S3_1769825664____c5da0b512c91f0c8160b06e83349f6c2.png
CÔNG TY CỔ PHẦN ĐẦU TƯ VÀ PHÁT TRIỂN GIÁO DỤC HSA,100-499 nhân viên,https://cdn-new.topcv.vn/unsafe/https://static.topcv.vn/company_logos/f0nDEjyIrQ35OWlBLmN1MOnm0JbcpDbR_1751432276____cf9c3c5507da8d0b81dfec2080df7b4c.jpg
CÔNG TY CỔ PHẦN ĐẦU TƯ VÀ PHÁT TRIỂN NĂNG LƯỢNG MẶT TRỜI BÁCH KHOA,100-499 nhân viên,https://cdn-new.topcv.vn/unsafe/https://static.topcv.vn/company_logos/2T9dx1gnCI4aK8rfJFW7BfRbjsHFUgiQ_1750302675____1098610e74e91ac1ceaf02413b0488d6.jpg
CÔNG TY TNHH SPECOM INC,25-99 nhân viên,https://cdn-new.topcv.vn/unsafe/https://static.topcv.vn/company_logos/4VmJ8XYsARo9BHFdtadZfQS15GuLux5r_1770268364____fe04f430fc3f2229cbae780bb60678a5.jpg
CÔNG TY TNHH HCL VIETNAM,10000+ nhân viên,https://cdn-new.topcv.vn/unsafe/https://static.topcv.vn/company_logos/cong-ty-tnhh-hcl-vietnam-3fa4b08690d3d2fdea660022f2fbf861-66b59abdd4365.jpg
Công Ty TNHH Thương Mại Và Công Nghệ Dakbla,10-24 nhân viên,https://cdn-new.topcv.vn/unsafe/https://static.topcv.vn/company_logos/my6vhz16i6NmPgtlSd75WAucPLdVaQl4_1733294587____b60397ed0f3dd74c4baeb80f3b33ba24.jpg
CÔNG TY TNHH SẢN XUẤT - THƯƠNG MẠI - DỊCH VỤ QUI PHÚC,1000+ nhân viên,https://cdn-new.topcv.vn/unsafe/https://static.topcv.vn/v4/image/normal-company/logo_default.png
CÔNG TY TNHH CHÍ HÙNG,5000+ nhân viên,https://cdn-new.topcv.vn/unsafe/https://static.topcv.vn/company_logos/lVbLtvicWUxsg3mMWPEzimLR1rpJNfaZ_1761893339____2efec21d39eacce0147a8019ba33675c.png
CÔNG TY TNHH BELLE ASIA,25-99 nhân viên,https://cdn-new.topcv.vn/unsafe/https://static.topcv.vn/company_logos/SSdUUASFTlcm3ICLP8h4DnTZLHxXieiY_1767959435____37fd630d7222d01896330850599d5ceb.png
Công ty cổ phần Hạ tầng Viễn thông CMC Telecom,500-1000 nhân viên,https://cdn-new.topcv.vn/unsafe/https://static.topcv.vn/company_logos/cong-ty-co-phan-ha-tang-vien-thong-cmc-telecom-5af4f4a61b6e4_rs.jpg
Công ty Cổ phần Công nghệ Prep,100-499 nhân viên,https://cdn-new.topcv.vn/unsafe/https://static.topcv.vn/company_logos/udhFB9cYRFde3LYKZzHobilV9XUXuzsT_1736852171____6dd904bb3005717fa703095e85518184.png
Công Ty TNHH Goldnet,25-99 nhân viên,https://cdn-new.topcv.vn/unsafe/https://static.topcv.vn/company_logos/GbhwIhus3C4F4WISAyiGRBzLHUF0V52H_1727772051____96a5ac62fa38fbdc68189d7d627545c0.png
CÔNG TY CP ĐẦU TƯ VÀ THƯƠNG MẠI QUỐC TẾ PHAN NGUYỄN,100-499 nhân viên,https://cdn-new.topcv.vn/unsafe/https://static.topcv.vn/company_logos/4bS3FdbVVcs87VDVHWb6.jpg
CÔNG TY CỔ PHẦN ZTO LABS,25-99 nhân viên,https://cdn-new.topcv.vn/unsafe/https://static.topcv.vn/company_logos/AddmEkD3qLRgWNH83JlSnpvwkTaq8GHA_1729844057____55b77444dd8f7ec3b4cfa816655d20a3.png
Công ty cổ phần TechLead,25-99 nhân viên,https://cdn-new.topcv.vn/unsafe/https://static.topcv.vn/company_logos/SogckOI7cgkOLKWozp6qxI550MdaShmY_1658888401____bebc6c34b148ccc603316bf5aa9da566.png
CÔNG TY CP GIÁO DỤC ĐIỂM CAO,25-99 nhân viên,https://cdn-new.topcv.vn/unsafe/https://static.topcv.vn/company_logos/cong-ty-cp-giao-duc-diem-cao-5b0c0ec8c6c8f_rs.jpg
CÔNG TY TNHH ADTIREX,10-24 nhân viên,https://cdn-new.topcv.vn/unsafe/https://static.topcv.vn/company_logos/UnwlPu3reAKZTGUGoqRHZamA4rLtpvDe_1744620462____46b0d6335dfffd1b58e4df54bb5896a3.png
Công ty TNHH Phát triển công nghệ điện tử Bình Anh,500-1000 nhân viên,https://cdn-new.topcv.vn/unsafe/https://static.topcv.vn/company_logos/zJy2rSFF8xq7NiWtMO9hwKTxZxObew09_1709541847____bde2719317902a1bcc2ab78d489cd22c.png
CÔNG TY CP CÔNG NGHỆ VÀ GIẢI PHÁP GIÁO DỤC EDUSO,10-24 nhân viên,https://cdn-new.topcv.vn/unsafe/https://static.topcv.vn/company_logos/zDhWqTNZS01HXC78YTLqih7r6g57JQsY_1670557072____6c3bec07e53c3607c2f951a56496402b.png
CÔNG TY TNHH TEKNIX E&C,25-99 nhân viên,https://cdn-new.topcv.vn/unsafe/https://static.topcv.vn/company_logos/6818341da6ba71746416669.jpg
CÔNG TY CỔ PHẦN CÔNG NGHỆ SOTATEK VIỆT NAM,500-1000 nhân viên,https://cdn-new.topcv.vn/unsafe/https://static.topcv.vn/company_logos/3b0812b0b2457b36d87e295f1a40ea73-61de73b0003f6.jpg
Công Ty TNHH Townsoft Vina,25-99 nhân viên,https://cdn-new.topcv.vn/unsafe/https://static.topcv.vn/company_logos/elhpj6tRZeAoTngxRmwsWWItO4aUBoDj_1658715131____8e3e18c333c6aa4246e32341ad8fda77.gif
Công ty Cổ phần Công nghệ Secomus,25-99 nhân viên,https://cdn-new.topcv.vn/unsafe/https://static.topcv.vn/company_logos/cong-ty-co-phan-cong-nghe-secomus-604c33992a16b.jpg
CÔNG TY TNHH XUẤT NHẬP KHẨU RUTOP VIỆT NAM,25-99 nhân viên,https://cdn-new.topcv.vn/unsafe/https://static.topcv.vn/company_logos/4ahkRHcEdaP85udssOaXdSC42LmGTYqu_1737020262____6e0d7d7195c18dcce0a9b468059d90e5.jpg
Công ty TNHH Catbox Việt Nam,25-99 nhân viên,https://cdn-new.topcv.vn/unsafe/https://static.topcv.vn/company_logos/cong-ty-tnhh-catbox-viet-nam-5cb18cd0d7d0a.jpg
CÔNG TY TNHH THƯƠNG MẠI VÀ TRUYỀN THÔNG QUẢNG CÁO GOLDEN PHOENIX,25-99 nhân viên,https://cdn-new.topcv.vn/unsafe/https://static.topcv.vn/company_logos/OXGbTwCuzjPDI6JiIOG45sJkprEGyF2U_1757554208____ed9847e3cc0448aa2a99d556c0893466.png
CÔNG TY TNHH THƯƠNG MẠI VÀ TRUYỀN THÔNG QUẢNG CÁO GOLDEN PHOENIX,100-499 nhân viên,https://cdn-new.topcv.vn/unsafe/https://static.topcv.vn/company_logos/s9835pTXhUVnBY1DOpXvL2jiwWufxjEk_1766734913____fa3c9fbba9391fcf51097bcde9f74566.jpg
CÔNG TY TRÁCH NHIỆM HỮU HẠN UNIPAX,100-499 nhân viên,https://cdn-new.topcv.vn/unsafe/https://static.topcv.vn/company_logos/cDSh9xAgoU217TE6HepZgqFMHwPxC8Ik_1695199890____ce83c3d5e638177a5e25961b0cc22536.jpg
CÔNG TY TNHH MYTEAM VIETNAM,25-99 nhân viên,https://cdn-new.topcv.vn/unsafe/https://static.topcv.vn/company_logos/ac1e0df4c0fd6f62181725e08db31558-66f0e635f1b27.jpg
CÔNG TY TRÁCH NHIỆM HỮU HẠN KNK VINA,25-99 nhân viên,https://cdn-new.topcv.vn/unsafe/https://static.topcv.vn/company_logos/zSYciWcNgtpQZvr6jJUdYTGJkHuHI9ya_1712387769____07aa1bb1d28609cae074d12deb2c50dc.PNG
