OriginalId,Deadline,Address
2033483,13/03/2026,"-Hà Nội:The Sun Building, 3 Me Tri, Tu Liem Ward, Hanoi, Phường Từ Liêm"
2011528,31/03/2026,"-Hà Nội:Tòa nhà công ty TNHH Thị giác Meta, số 11 đường Nguyễn Khả Trạc, Phường Phú Diễn"
2023206,20/03/2026,"-Hồ Chí Minh:Saigon Paragon Building, 03 Nguyen Luong Bang, Phường Tân Mỹ-Hà Nội:Epic Tower, 19 Duy Tan, Phường Cầu Giấy"
2034225,Không có deadline,Không có địa chỉ
2034622,31/03/2026,"-Hồ Chí Minh:15A  Nguyễn Trung Trực, Phường Bình Lợi Trung"
2039311,25/03/2026,"-Hà Nội:Số 55 Huỳnh Thúc Kháng, Phường Láng"
2035231,14/03/2026,"-Hồ Chí Minh:E Town 2, 364 Cộng Hòa, Phường Tân Bình"
2031159,Không có deadline,Không có địa chỉ
2036357,15/03/2026,"-Hồ Chí Minh:Căn B7-D1.TMDV.02, Lô B7, Lumière Boulevard, Số 8, Đường D1, Phường Long Bình"
2016503,26/02/2026,"-Hà Nội:Tòa Việt Á, số 9 Phố Duy Tân, Phường Cầu Giấy"
2033527,13/03/2026,"-Hà Nội:The Sun Building, No 3 Me Tri Street, Tu Liem Ward, Phường Từ Liêm"
2036169,15/03/2026,"-Hồ Chí Minh:Tầng 7, QTSC Building 1, Đường số 14, CVPM Quang Trung, Phường Trung Mỹ Tây-Hồ Chí Minh:Tầng 6, Tòa Nhà 3 Bees Tower, 281 Nguyễn Văn Trỗi, Phường Phú Nhuận"
2034169,12/03/2026,"-Hà Nội:49 Thái Hà, Phường Đống Đa"
2032352,12/03/2026,"-Hà Nội:49 Thái Hà, Phường Đống Đa"
2036537,15/03/2026,"-Hồ Chí Minh:54-56 Nguyễn Trãi, Phường Bến Thành"
2036499,15/03/2026,"-Hồ Chí Minh:Căn B7-D1.TMDV.02, Lô B7, Lumière Boulevard, Số 8, Đường D1, Phường Long Bình"
2034946,14/03/2026,"-Hồ Chí Minh:Tầng 1, 168 Cao Đức Lân (An Phú, Thủ Đức cũ), Phường Bình Trưng"
2033464,13/03/2026,"-Hà Nội:Việt Á Tower, 9 Duy Tân, Phường Cầu Giấy"
2034145,12/03/2026,"-Hà Nội:49 Thái Hà, Phường Đống Đa"
2034123,12/03/2026,"-Hà Nội:49 Thái Hà, Phường Đống Đa"
2035278,14/03/2026,"-Hà Nội:PVI, Phường Cầu Giấy"
1750989,Không có deadline,Không có địa chỉ
2034157,12/03/2026,"-Hà Nội:49 Thái Hà, Phường Đống Đa"
2032088,31/03/2026,-Hà Nội:(Tất cả phường)-Hồ Chí Minh:(Tất cả phường)-Đồng Nai:(Tất cả phường)-Hải Phòng:(Tất cả phường)-Cần Thơ:(Tất cả phường)-Khánh Hòa:(Tất cả phường)-Đà Nẵng:(Tất cả phường)-Đồng Tháp:(Tất cả phường)-Huế:(Tất cả phường)-Bắc Ninh:(Tất cả phường)-Hưng Yên:(Tất cả phường)-An Giang:(Tất cả phường)-Cà Mau:(Tất cả phường)-Gia Lai:(Tất cả phường)-Cao Bằng:(Tất cả phường)-Đắk Lắk:(Tất cả phường)-Điện Biên:(Tất cả phường)-Hà Tĩnh:(Tất cả phường)-Lai Châu:(Tất cả phường)-Lâm Đồng:(Tất cả phường)-Phú Thọ:(Tất cả phường)-Ninh Bình:(Tất cả phường)...và 19 địa điểm khácThu gọn
1970420,Không có deadline,Không có địa chỉ
2037573,30/06/2026,-Hà Nội:(Tất cả phường)-Hồ Chí Minh:(Tất cả phường)-Bắc Ninh:(Tất cả phường)-Đồng Nai:(Tất cả phường)-Đà Nẵng:(Tất cả phường)-Hải Phòng:(Tất cả phường)-An Giang:(Tất cả phường)-Cà Mau:(Tất cả phường)-Cần Thơ:(Tất cả phường)-Đắk Lắk:(Tất cả phường)-Đồng Tháp:(Tất cả phường)-Gia Lai:(Tất cả phường)-Khánh Hòa:(Tất cả phường)-Lâm Đồng:(Tất cả phường)-Phú Thọ:(Tất cả phường)-Quảng Ninh:(Tất cả phường)-Huế:(Tất cả phường)-Vĩnh Long:(Tất cả phường)-Thái Nguyên:(Tất cả phường)...và 16 địa điểm khácThu gọn
2038438,26/03/2026,"-Hà Nội:Homecity, Phường Yên Hòa"
2038852,25/03/2026,"-Hồ Chí Minh:3A Floor, Alpa tower, 151 – 153 Nguyen Dinh Chieu St., Phường Xuân Hòa"
1184953,25/03/2026,"-Hồ Chí Minh:534–536 Điện Biên Phủ (Q.10 cũ), Phường Vườn Lài"
2038166,25/03/2026,"-Hà Nội:IDMC Duy Tân, 21 Duy Tân, Cầu Giấy, Phường Cầu Giấy-Hồ Chí Minh:3C Tôn Đức Thắng, Phường Sài Gòn"
2036043,31/03/2026,"-Hà Nội:Trung tâm Công nghệ Thông tin Mobifone – Tầng 9 – Tòa nhà Thái Nam, 22D Dương Đình Nghệ, Phường Cầu Giấy"
2037657,25/03/2026,"-Hà Nội:Tầng 4, tòa Green Park Tower, Lô 33, ngõ 6 Dương Đình Nghệ, phường Yên Hòa TP Hà Nội, Cầu Giấy, Phường Cầu Giấy"
2038756,25/03/2026,"-Hồ Chí Minh:1248 Huỳnh Tấn Phát, Phường Tân Mỹ"
2036877,16/03/2026,"-Hà Nội:Số 23 Ngõ 84 Phố Trần Quang Diệu, Phường Đống Đa"
2036418,Không có deadline,Không có địa chỉ
1873287,25/03/2026,"-Hà Nội:Sô 9 Phạm Văn Đồng, Phường Cầu Giấy"
1601494,Không có deadline,Không có địa chỉ
2039130,31/03/2026,"-Hà Nội:Toà nhà Hoa Cương, số 18 ngõ 11 Thái Hà, Phường Đống Đa-Hồ Chí Minh:Toà nhà Halo Building, 16 Lê Quý Đôn, Phường Phú Nhuận"
2039747,26/03/2026,"-Hồ Chí Minh:Tầng 4,  TTV Tower, 307 Đ. Bùi Hữu Nghĩa, Phường Gia Định"
2039791,26/03/2026,"-Hồ Chí Minh:Tầng 4,  TTV Tower, 307 Đ. Bùi Hữu Nghĩa, Phường Gia Định"
2032509,31/03/2026,"-Hồ Chí Minh:307 Nguyễn Văn Luông, Phường Phú Lâm"
2034967,25/03/2026,"-Hà Nội:Tòa nhà The Nine, 9 Phạm Văn Đồng, Phường Phú Diễn"
1713847,Không có deadline,Không có địa chỉ
2040033,31/03/2026,"-Hà Nội:19, ngõ 68 Phố Lưu Hữu Phước, Phường Từ Liêm"
2038604,25/03/2026,"-Hà Nội:1A Yết Kiêu, Phường Cửa Nam-Bắc Ninh:56 Nguyễn Gia Thiều, Phường Kinh Bắc-Ninh Bình:110 Trần Huy Liệu, Phường Trường Thi-Thái Nguyên:174 Đường Bắc Sơn, Phường Phan Đình Phùng-Thanh Hóa:Lô 17 LK1 KDC An Phú Hưng, Phường Hạc Thành-Nghệ An:28 Nguyễn Sỹ Sách, Phường Thành Vinh-Quảng Ninh:19 Cao Xanh, Phường Cao Xanh-Hải Phòng:176A Tôn Đức Thắng, Phường An Biên-Hải Phòng:32 Hồng Quang, Phường Hải Dương-Đà Nẵng:110 Đống Đa, Phường Hải Châu-Quảng Ngãi:165 Lê Lợi, Phường Cẩm Thành-Phú Thọ:514 Châu Phong, Phường Việt Trì-Phú Thọ:125 Nguyễn Văn Linh, Phường Vĩnh Phúc-Gia Lai:136 Chương Dương, Phường Quy Nhơn Nam...và 11 địa điểm khácThu gọn"
2040437,26/03/2026,"-Hà Nội:số 12, ngõ 253 Thúy Lĩnh, Phường Lĩnh Nam"
1702089,25/03/2026,"-Hà Nội:HomeCity, Phường Yên Hòa"
2029850,30/06/2026,"-Hà Nội:Tòa Tháp Thiên Niên Kỷ, 04 Quang Trung, Phường Hà Đông"
2030765,09/03/2026,"-Hà Nội:Số 8 Phạm Hùng, Toà Nhà Audi, Phường Từ Liêm"
1874980,31/03/2026,"-Hà Nội:Tòa nhà The Nine, số 9 Phạm Văn Đồng, Phường Phú Diễn"
1828478,Lỗi,Lỗi
1989005,11/03/2026,"-Hồ Chí Minh:Căn số A00.10 , Tầng trệt , chung cư Lô C1 Số 62 Hoàng Thế Thiện, khu phố 34, Phường An Khánh"
2019338,25/03/2026,"-Hà Nội:289 Khuất Duy Tiến, Đại Mỗ, Phường Đại Mỗ"
2040224,26/03/2026,"-Hà Nội:39 Galaxy 5, 69 Tố  Hữu, Phường Hà Đông"
1017119,26/03/2026,"-Hà Nội:101 Láng Hạ, Phường Đống Đa"
1990789,31/03/2026,"-Hà Nội:Tầng 3, Số 4 Phạm Tuấn Tài, Phường Nghĩa Đô"
2001320,26/03/2026,"-Hồ Chí Minh:Lô 3 Tầng 5 , Toà nhà Genpacific, đường số 16 , Công Viên Phần Mềm Quang Trung, Phường Trung Mỹ Tây"
1845546,10/03/2026,"-Hà Nội:Tầng 3, Số 9 Tân Triều, Phường Thanh Liệt"
2038978,25/03/2026,"-Hà Nội:Số 4 Võng Thị, Phường Tây Hồ"
1225358,25/03/2026,"-Hà Nội:Toà Thăng Long tower 33 Mạc Thái Tổ, Phường Yên Hòa"
2039311,25/03/2026,"-Hà Nội:Số 55 Huỳnh Thúc Kháng, Phường Láng"
2039531,26/03/2026,"-Hồ Chí Minh:Số 07, đường Đông Sơn, Phường Tân Sơn Nhất-Hà Nội:Tầng 13 tháp A tòa nhà Sông Đà, đường Phạm Hùng, Phường Từ Liêm"
2034899,13/03/2026,"-Huế:Hanesbrands Vietnam – Nhà máy, Phường Phú Bài"
2040626,26/03/2026,-Hà Nội:Phường Cầu Giấy-Hà Nội:Phường Ba Đình-Hà Nội:Phường Từ Liêm
1518603,15/03/2026,"-Hồ Chí Minh:Số 268 Trần Hưng Đạo, Phường Chợ Lớn"
1518593,15/03/2026,"-Hồ Chí Minh:Số 268 Trần Hưng Đạo, Phường Chợ Lớn"
1915895,31/03/2026,"-Hà Nội:Số 19, ngõ 68 Lưu Hữu Phước, Phường Từ Liêm"
2034225,Không có deadline,Không có địa chỉ
2011528,31/03/2026,"-Hà Nội:Tòa nhà công ty TNHH Thị giác Meta, số 11 đường Nguyễn Khả Trạc, Phường Phú Diễn"
2023206,20/03/2026,"-Hồ Chí Minh:Saigon Paragon Building, 03 Nguyen Luong Bang, Phường Tân Mỹ-Hà Nội:Epic Tower, 19 Duy Tan, Phường Cầu Giấy"
2027253,07/03/2026,-Hồ Chí Minh:(Tất cả phường)
2019572,Không có deadline,Không có địa chỉ
2029283,09/03/2026,"-Hà Nội:Tầng 2, Toà N03T1, Khu đô thị Ngoại giao đoàn, Phường Xuân Đỉnh"
2029241,09/03/2026,"-Hà Nội:Tầng 2, Toà N03T1, Khu đô thị Ngoại giao đoàn, Phường Xuân Đỉnh"
2025539,Không có deadline,Không có địa chỉ
2031333,08/03/2026,"-Hồ Chí Minh:Nhà máy CTI VN, 36/4 Đỗ Mười, Phường An Phú Đông"
2029147,09/03/2026,"-Hà Nội:Tòa nhà Technosoft ngõ 15 Duy Tân, Phường Cầu Giấy"
2031336,08/03/2026,"-Hồ Chí Minh:Nhà máy CTI VN, 36/4 Đỗ Mười, Phường An Phú Đông"
2020293,09/03/2026,"-Hà Nội:Tầng 2, Toà N03T1, Khu đô thị Ngoại giao đoàn, Phường Xuân Đỉnh-Hà Nội:Tòa nhà Technosoft ngõ 15 Duy Tân, Phường Cầu Giấy"
2020048,09/03/2026,"-Hà Nội:Toà nhà N03T6 Ngoại Giao Đoàn, Phường Xuân Đỉnh-Hà Nội:Toà nhà N03T1 Ngoại Giao Đoàn, Phường Xuân Đỉnh"
2028629,09/03/2026,"-Hồ Chí Minh:Tầng 5, Toà nhà Zen Plaza, 54-56 Nguyễn Trãi, Phường Bến Thành"
2024294,09/03/2026,-Hà Nội:Phường Cầu Giấy-Hà Nội:Phường Yên Hòa-Hà Nội:Phường Từ Liêm
2023202,07/03/2026,"-Đà Nẵng:Lighthouse Building, 192 Xô Viết Nghệ Tĩnh, Phường Hòa Cường"
2026786,09/03/2026,"-Đắk Lắk:Thôn Bàn Thạch, Xã Hòa Xuân"
1997032,31/03/2026,"-Hà Nội:Keangnam, Phường Yên Hòa"
1997046,31/03/2026,"-Hà Nội:keangnam, Phường Yên Hòa"
2030832,10/03/2026,"-Hà Nội:Keangnam Landmark72, Phường Yên Hòa"
2020275,10/03/2026,"-Hà Nội:Keangnam Landmark72, Phường Yên Hòa"
2040661,26/03/2026,"-Hồ Chí Minh:284/41/2 Lý Thường Kiệt, Phường Diên Hồng"
1978218,10/03/2026,"-Hà Nội:Tòa Golden Palace, đường Mễ Trì, Phường Từ Liêm"
2036914,30/03/2026,-Đà Nẵng:(Tất cả phường)
2035475,14/03/2026,"-Hà Nội:Tầng 2 tòa Regus, Udic Complex Hoàng Đạo Thúy, Phường Yên Hòa"
1560364,25/03/2026,"-Hà Nội:Tòa nhà 97 99 Láng Hạ, Phường Đống Đa"
2035256,14/03/2026,"-Hà Nội:Cụm Công nghiệp vừa và nhỏ Từ Liêm, Phường Xuân Phương"
2038570,31/03/2026,"-Hà Nội:302 Cầu Giấy, Phường Cầu Giấy"
2039302,31/03/2026,"-Hà Nội:Tòa CT1 Epic Home, số 43 Phạm Văn Đồng (Chung cư Bộ Công An), Phường Đông Ngạc"
1949745,26/03/2026,"-Hà Nội:Số 68 Khúc Thừa Dụ, Phường Cầu Giấy"
2039871,26/03/2026,-Hồ Chí Minh:Phường Thạnh Mỹ Tây
2039177,25/03/2026,"-Hà Nội:104 Thái Thịnh Đống Đa, Phường Đống Đa"
2039300,31/03/2026,"-Hà Nội:Tầng 2, tòa CT1 Epic Home, 43 Phạm Văn Đồng, Phường Đông Ngạc"
2020131,26/03/2026,"-Hà Nội:Tầng 25, tháp C, 219 Trung Kính, Phường Yên Hòa"
2037691,25/03/2026,"-Hà Nội:Tầng 4, tòa Green Park Tower, Lô 33, ngõ 6 Dương Đình Nghệ, phường Yên Hòa TP Hà Nội, Cầu Giấy, Phường Cầu Giấy"
2039429,26/03/2026,"-Hà Nội:Tòa PVI, Số 1 Phạm Văn Bạch, Phường Cầu Giấy"
1456702,31/03/2026,"-Hà Nội:Tòa CMC Tower 11 Duy Tân, Phường Cầu Giấy"
1906279,26/03/2026,"-Hà Nội:201 Trường Chinh, Phường Phương Liệt"
2011207,31/03/2026,"-Hà Nội:Khu vực 1: Tầng 2 CT2 Tràng An Complex, số 1 Phùng Chí Kiên, Phường Nghĩa Đô"
2040181,26/03/2026,"-Hà Nội:Tòa Lilama 10, 56 Tố Hữu, Phường Đại Mỗ"
2039177,25/03/2026,"-Hà Nội:104 Thái Thịnh Đống Đa, Phường Đống Đa"
74063,26/03/2026,"-Hà Nội:Thụy Khuê, Phường Tây Hồ"
1785496,26/03/2026,"-Hà Nội:Ngụy Như Kon Tum, Phường Thanh Xuân"
1952740,31/03/2026,-Hồ Chí Minh:Phường Diên Hồng-Hồ Chí Minh:Phường Long Bình-Hồ Chí Minh:Phường Hòa Hưng-Hồ Chí Minh:Phường Tân Hưng-Hồ Chí Minh:Xã Tân An Hội-Hồ Chí Minh:Phường Chợ Quán...và 3 địa điểm khácThu gọn
2039253,15/04/2026,"-Hà Nội:Tầng 6 – số 5, ngõ 76 Trần Thái Tông, Dịch Vọng Hậu, Cầu Giấy, Phường Cầu Giấy"
1727984,26/03/2026,"-Hồ Chí Minh:69 Nguyễn Thị Nhung (Vạn Phúc City), Phường Hiệp Bình"
1967931,31/03/2026,"-Hà Nội:A44 đường Đức Diễn, Phường Phú Diễn"
2039107,31/03/2026,-Hà Nội:Phường Yên Hòa
2039497,26/03/2026,"-Hà Nội:Tầng 6, Số 6, Ngõ 7, đường Lê Đức Thọ, Phường Từ Liêm"
1188739,26/03/2026,"-Hà Nội:PVI, Phường Cầu Giấy"
1871651,26/03/2026,"-Hồ Chí Minh:42/1 Ung Văn Khiêm, Phường Thạnh Mỹ Tây"
2039155,25/03/2026,"Tầng 41-43, Tòa nhà Keangnam Landmark 72, đường Phạm Hùng, Phường Mễ Trì, Quận Nam Từ Liêm, Thành phố Hà Nội, Việt Nam"
2007445,26/03/2026,"-Hà Nội:Ngụy Như Kon Tum, Phường Thanh Xuân"
1985648,31/03/2026,-Hà Nội:Phường Xuân Phương-Ninh Bình:Phường Duy Tiên
2039552,26/03/2026,"-Hồ Chí Minh:A104 Nguyễn Văn Trỗi, Phường Phú Nhuận"
2039299,31/03/2026,"-Hà Nội:Tầng 2, tòa CT1 Epic Home, 43 Phạm Văn Đồng, Phường Đông Ngạc"
2040029,26/03/2026,-Hà Nội:Phường Hà Đông
2040661,26/03/2026,"-Hồ Chí Minh:284/41/2 Lý Thường Kiệt, Phường Diên Hồng"
2040617,26/03/2026,"-Hà Nội:266 Đội Cấn, Phường Ngọc Hà"
2040592,26/03/2026,"-Hà Nội:KĐT Văn Phú, Phường Hà Đông"
2036039,31/03/2026,"-Hà Nội:Tòa The Nine, số 9 Phạm Văn Đồng, Mai Dịch, Phường Cầu Giấy"
1960747,31/03/2026,"-Hà Nội:107 Nguyễn Phong Sắc, Phường Cầu Giấy"
2036335,15/03/2026,-Nhật Bản
2032482,10/03/2026,"-Hồ Chí Minh:28 Thao Dien, Phường An Khánh"
1840835,15/03/2026,"-Hà Nội:Tòa The Nine, số 9 Phạm Văn Đồng, Mai Dịch, Phường Cầu Giấy"
2037547,25/03/2026,"-Hồ Chí Minh:Tầng 4, tòa nhà QTSC9, Công Viên Phần Mềm Quang Trung, Phường Trung Mỹ Tây-Đắk Lắk:39 Trường Chinh, tòa nhà Misa, Phường Buôn Ma Thuột"
2035044,Không có deadline,Không có địa chỉ
2036519,15/03/2026,-Hà Nội:Phường Từ Liêm
905982,12/03/2026,"-Hà Nội:Geleximco Building, 36 Hoàng Cầu, Phường Ô Chợ Dừa"
1729162,12/03/2026,"-Hồ Chí Minh:Tòa Nhà GB, 78-80 Cách Mạng Tháng Tám, Phường Xuân Hòa"
2033385,12/03/2026,"-Hồ Chí Minh:97 tân hiệp 13, ấp 19, xã tân hiệp , huyện hóc môn, Xã Hóc Môn"
2033489,13/03/2026,-Hà Nội:Phường Từ Liêm
2035976,14/03/2026,"-Hồ Chí Minh:Tầng 21, Phú Mỹ Hưng Tower, 08 Hoàng Văn Thái, Phường Tân Mỹ"
2034518,13/03/2026,"-Hà Nội:Số 55 Huỳnh Thúc Kháng, Phường Láng"
2036681,15/03/2026,-Hà Nội:Phường Cầu Giấy-Hà Nội:Phường Dương Nội-Hà Nội:Phường Hà Đông-Hà Nội:Phường Từ Liêm...và 1 địa điểm khácThu gọn
2034102,31/03/2026,"-Hồ Chí Minh:Số 15, Đường số 7, Phường An Lợi Đông, Thành phố Thủ Đức, Thành phố Hồ Chí Minh, Việt Nam, Phường An Khánh"
2034793,15/03/2026,"-Hồ Chí Minh:Tầng 4, tòa nhà Vimedimex, 246 Cống Quỳnh, Phường Bến Thành"
2036533,15/03/2026,"-Hồ Chí Minh:F-Town 3, Lô E3 Võ Chí Công, Khu CNC Thành phố Hồ Chí Minh, Việt Nam, Phường Tăng Nhơn Phú"
2036469,15/03/2026,"-Hồ Chí Minh:F-Town 3, Lô E3 Võ Chí Công, Khu CNC Thành phố Hồ Chí Minh, Việt Nam, Phường Tăng Nhơn Phú"
2035845,14/03/2026,"-Hồ Chí Minh:Galaxy Innovation Hub, Đường D1, Khu Công nghệ cao, Phường Tăng Nhơn Phú"
2033995,12/04/2026,"-Hà Nội:Tầng 2, tòa nhà văn phòng HL Tower, số 6 ngõ 82 phố Duy Tân, Phường Cầu Giấy"
883391,13/03/2026,"-Hà Nội:Tòa Audi, số 8 đường Phạm Hùng, Nam Từ Liêm, Phường Yên Hòa"
2034763,13/03/2026,"-Hà Nội:Tầng 2, Toà N03T1, Khu đô thị Ngoại giao đoàn, Phường Xuân Đỉnh"
1716905,31/03/2026,"-Hà Nội:98 Hoàng Quốc Việt, Phường Nghĩa Đô-Hồ Chí Minh:43 Thảo Điền, Phường An Khánh"
2036791,31/03/2026,"-Hồ Chí Minh:Tầng 4, tòa nhà QTSC9, Công Viên Phần Mềm Quang Trung, Phường Trung Mỹ Tây"
948277,12/03/2026,"-Hà Nội:Tòa nhà Geleximco, 36 Hoàng Cầu, Phường Ô Chợ Dừa"
2036467,31/03/2026,"-Hà Nội:138 Trần Bình, Phường Từ Liêm"
2031811,12/03/2026,"-Hà Nội:19 Nguyễn Trãi, Phường Thanh Xuân"
2034533,13/03/2026,"-Hà Nội:677 Lạc Long Quân, Phường Phú Thượng"
2036242,31/03/2026,"-Hà Nội:Toà Viwaseen, 48 Tố Hữu, Phường Đại Mỗ"
2036533,15/03/2026,"-Hồ Chí Minh:F-Town 3, Lô E3 Võ Chí Công, Khu CNC Thành phố Hồ Chí Minh, Việt Nam, Phường Tăng Nhơn Phú"
2033562,12/03/2026,"-Hà Nội:219 Trung Kính, Cầu Giấy, Phường Yên Hòa"
2036850,15/03/2026,"-Hồ Chí Minh:Lô 6-8-10-12 Đường số 3, Khu công nghiệp Tân Tạo, Phường Tân Tạo"
2036144,15/03/2026,"-Hà Nội:Tầng 12A tòa Diamond Flower Handico 6, 48 Lê Văn Lương, Phường Yên Hòa"
2033845,12/03/2026,-Hà Nội:Phường Yên Hòa
941516,12/03/2026,"-Hà Nội:Tòa nhà Geleximco, 36 Hoàng Cầu, Phường Ô Chợ Dừa"
2035536,14/03/2026,"-Hà Nội:Tầng 2 tòa Regus, Udic Complex Hoàng Đạo Thúy, Phường Yên Hòa"
2034851,13/03/2026,"-Hồ Chí Minh:Số 15 Đường số 21, Khu dân cư Phước Kiển, Ấp 89 TP Hồ Chí Minh, Việt Nam, Xã Nhà Bè"
1439766,13/03/2026,"-Hà Nội:Tầng 4 Tòa Web3 Số 15 Ngõ 4 Duy Tân, Phường Cầu Giấy"
2035028,13/03/2026,"-Hà Nội:KĐT Nam Trung Yên, Cầu Giấy, Phường Yên Hòa"
2035669,14/03/2026,"-Hà Nội:Tower 1 Times City, Phường Vĩnh Tuy"
2031009,21/03/2026,"-Hà Nội:48 Lê Văn Lương, Phường Thanh Xuân"
2007294,14/03/2026,"-Hà Nội:Tòa nhà FPT Cầu Giấy, phố Duy Tân Thành phố Hà Nội, Việt Nam, Phường Cầu Giấy-Hồ Chí Minh:F-Town 3, Lô E3 Võ Chí Công, Khu CNC Thành phố Hồ Chí Minh, Việt Nam, Phường Tăng Nhơn Phú-Đà Nẵng:Tòa nhà FPT Complex, đường Nam Kỳ Khởi Nghĩa Thành phố Đà Nẵng, Việt Nam, Phường Ngũ Hành Sơn"
2033513,13/03/2026,"-Hà Nội:The Sun Building, No. 3 Me Tri Street, Tu Liem Ward, Phường Từ Liêm"
1987778,21/03/2026,"-Hồ Chí Minh:125/45C Âu Dương Lân, Phường Chánh Hưng"
2034050,31/03/2026,"-Hà Nội:Tầng 2, tòa CT1 Epic Home, 43 Phạm Văn Đồng, Phường Đông Ngạc"
903632,Không có deadline,Không có địa chỉ
1541046,31/03/2026,"-Hà Nội:Tòa Web3 Số 15 Ngõ 4 Duy Tân, Cầu Giấy, Phường Cầu Giấy"
1247718,Không có deadline,Không có địa chỉ
776392,30/04/2026,"-Hồ Chí Minh:438 Điện Biên Phủ, Phường Vườn Lài"
2035825,25/03/2026,"-Hà Nội:Số 3 Ngõ 84 Ngọc Khánh Quận Ba Đình, Thành phố Hà Nội, Việt Nam, Phường Giảng Võ"
2037547,25/03/2026,"-Hồ Chí Minh:Tầng 4, tòa nhà QTSC9, Công Viên Phần Mềm Quang Trung, Phường Trung Mỹ Tây-Đắk Lắk:39 Trường Chinh, tòa nhà Misa, Phường Buôn Ma Thuột"
1331229,24/03/2026,"-Hà Nội:101 Phố Láng Hạ, Phường Đống Đa"
2039170,25/03/2026,"-Hồ Chí Minh:234 Ngô Tất Tố, Phường Thạnh Mỹ Tây"
2036436,15/03/2026,"-Hà Nội:Lotte Mall Tây Hồ, Phường Tây Hồ"
1980240,25/03/2026,"-Hà Nội:15 Hồ Xuân Hương, Phường Hai Bà Trưng"
1993638,31/03/2026,"-Hà Nội:Toà Viwaseen, 48 Tố Hữu, Phường Đại Mỗ"
2007243,31/03/2026,"-Hồ Chí Minh:số 4 đường 61, Phường Tân Hưng"
2039825,Không có deadline,Không có địa chỉ
1991921,25/03/2026,"-Hồ Chí Minh:Số 2 đường 59 Đông, Phường Bình Trưng-Hồ Chí Minh:Phường Bình Thạnh-Hồ Chí Minh:Phường Cát Lái"
2029098,25/03/2026,"-Hà Nội:Tầng 3, Số 9 Tân Triều, Phường Thanh Liệt"
1445229,30/06/2026,"-Hà Nội:Tầng 4, Tòa nhà Artemis, 3 Lê Trọng Tấn, Phường Phương Liệt-Đà Nẵng:Hùng Vương, Phường Thanh Khê"
2039361,30/04/2026,-Hà Nội:(Tất cả phường)-Hồ Chí Minh:(Tất cả phường)-Bắc Ninh:(Tất cả phường)-Đà Nẵng:(Tất cả phường)-Hải Phòng:(Tất cả phường)-Cà Mau:(Tất cả phường)-Đồng Nai:(Tất cả phường)-Cần Thơ:(Tất cả phường)-Hưng Yên:(Tất cả phường)-An Giang:(Tất cả phường)-Đồng Tháp:(Tất cả phường)-Gia Lai:(Tất cả phường)-Khánh Hòa:(Tất cả phường)-Thái Nguyên:(Tất cả phường)-Huế:(Tất cả phường)-Cao Bằng:(Tất cả phường)-Đắk Lắk:(Tất cả phường)-Điện Biên:(Tất cả phường)-Hà Tĩnh:(Tất cả phường)-Lai Châu:(Tất cả phường)-Lâm Đồng:(Tất cả phường)-Lạng Sơn:(Tất cả phường)-Lào Cai:(Tất cả phường)-Nghệ An:(Tất cả phường)-Ninh Bình:(Tất cả phường)-Phú Thọ:(Tất cả phường)-Quảng Ngãi:(Tất cả phường)-Quảng Ninh:(Tất cả phường)-Quảng Trị:(Tất cả phường)-Sơn La:(Tất cả phường)-Tây Ninh:(Tất cả phường)-Thanh Hóa:(Tất cả phường)-Tuyên Quang:(Tất cả phường)-Vĩnh Long:(Tất cả phường)...và 31 địa điểm khácThu gọn
2039590,26/03/2026,-Hồ Chí Minh:Phường Xuân Hòa
2039336,26/03/2026,"-Hà Nội:Tòa Roman Plaza, Phố Tố Hữu, Phường Hà Đông"
2033848,12/03/2026,-Hà Nội:Phường Yên Hòa
1413461,Không có deadline,Không có địa chỉ
1761414,25/03/2026,"-Hà Nội:15 Hồ Xuân Hương, Phường Hai Bà Trưng"
2038579,25/03/2026,-Hồ Chí Minh:Phường Phú Nhuận
2027035,23/03/2026,"-Hồ Chí Minh:Tầng 6, Tòa Nhà 3 Bees Tower, 281 Nguyễn Văn Trỗi, Phường Phú Nhuận"
1206532,25/03/2026,"-Hà Nội:Tòa Viettel Post, Số 2, Ngõ 15, Duy Tân, Phường Cầu Giấy"
2036629,15/03/2026,-Hà Nội:Phường Cầu Giấy
2032089,31/03/2026,-Hà Nội:(Tất cả phường)-Hồ Chí Minh:(Tất cả phường)-Bắc Ninh:(Tất cả phường)-Đồng Nai:(Tất cả phường)-Hải Phòng:(Tất cả phường)-Đà Nẵng:(Tất cả phường)-Cà Mau:(Tất cả phường)-Cần Thơ:(Tất cả phường)-Đồng Tháp:(Tất cả phường)-Gia Lai:(Tất cả phường)-Khánh Hòa:(Tất cả phường)-Lâm Đồng:(Tất cả phường)-Quảng Ninh:(Tất cả phường)-Huế:(Tất cả phường)-Vĩnh Long:(Tất cả phường)...và 12 địa điểm khácThu gọn
2035669,14/03/2026,"-Hà Nội:Tower 1 Times City, Phường Vĩnh Tuy"
2031009,21/03/2026,"-Hà Nội:48 Lê Văn Lương, Phường Thanh Xuân"
2035825,25/03/2026,"-Hà Nội:Số 3 Ngõ 84 Ngọc Khánh Quận Ba Đình, Thành phố Hà Nội, Việt Nam, Phường Giảng Võ"
2037547,25/03/2026,"-Hồ Chí Minh:Tầng 4, tòa nhà QTSC9, Công Viên Phần Mềm Quang Trung, Phường Trung Mỹ Tây-Đắk Lắk:39 Trường Chinh, tòa nhà Misa, Phường Buôn Ma Thuột"
2033513,13/03/2026,"-Hà Nội:The Sun Building, No. 3 Me Tri Street, Tu Liem Ward, Phường Từ Liêm"
1987778,21/03/2026,"-Hồ Chí Minh:125/45C Âu Dương Lân, Phường Chánh Hưng"
2034050,31/03/2026,"-Hà Nội:Tầng 2, tòa CT1 Epic Home, 43 Phạm Văn Đồng, Phường Đông Ngạc"
903632,Không có deadline,Không có địa chỉ
1541046,31/03/2026,"-Hà Nội:Tòa Web3 Số 15 Ngõ 4 Duy Tân, Cầu Giấy, Phường Cầu Giấy"
1980240,25/03/2026,"-Hà Nội:15 Hồ Xuân Hương, Phường Hai Bà Trưng"
1993638,31/03/2026,"-Hà Nội:Toà Viwaseen, 48 Tố Hữu, Phường Đại Mỗ"
1247718,Không có deadline,Không có địa chỉ
776392,30/04/2026,"-Hồ Chí Minh:438 Điện Biên Phủ, Phường Vườn Lài"
1991921,25/03/2026,"-Hồ Chí Minh:Số 2 đường 59 Đông, Phường Bình Trưng-Hồ Chí Minh:Phường Bình Thạnh-Hồ Chí Minh:Phường Cát Lái"
1331229,24/03/2026,"-Hà Nội:101 Phố Láng Hạ, Phường Đống Đa"
2039170,25/03/2026,"-Hồ Chí Minh:234 Ngô Tất Tố, Phường Thạnh Mỹ Tây"
2036436,15/03/2026,"-Hà Nội:Lotte Mall Tây Hồ, Phường Tây Hồ"
1413461,Không có deadline,Không có địa chỉ
2039336,26/03/2026,"-Hà Nội:Tòa Roman Plaza, Phố Tố Hữu, Phường Hà Đông"
2007243,31/03/2026,"-Hồ Chí Minh:số 4 đường 61, Phường Tân Hưng"
2039825,Không có deadline,Không có địa chỉ
1206532,25/03/2026,"-Hà Nội:Tòa Viettel Post, Số 2, Ngõ 15, Duy Tân, Phường Cầu Giấy"
1445229,30/06/2026,"-Hà Nội:Tầng 4, Tòa nhà Artemis, 3 Lê Trọng Tấn, Phường Phương Liệt-Đà Nẵng:Hùng Vương, Phường Thanh Khê"
2039361,30/04/2026,-Hà Nội:(Tất cả phường)-Hồ Chí Minh:(Tất cả phường)-Bắc Ninh:(Tất cả phường)-Đà Nẵng:(Tất cả phường)-Hải Phòng:(Tất cả phường)-Cà Mau:(Tất cả phường)-Đồng Nai:(Tất cả phường)-Cần Thơ:(Tất cả phường)-Hưng Yên:(Tất cả phường)-An Giang:(Tất cả phường)-Đồng Tháp:(Tất cả phường)-Gia Lai:(Tất cả phường)-Khánh Hòa:(Tất cả phường)-Thái Nguyên:(Tất cả phường)-Huế:(Tất cả phường)-Cao Bằng:(Tất cả phường)-Đắk Lắk:(Tất cả phường)-Điện Biên:(Tất cả phường)-Hà Tĩnh:(Tất cả phường)-Lai Châu:(Tất cả phường)-Lâm Đồng:(Tất cả phường)-Lạng Sơn:(Tất cả phường)-Lào Cai:(Tất cả phường)-Nghệ An:(Tất cả phường)-Ninh Bình:(Tất cả phường)-Phú Thọ:(Tất cả phường)-Quảng Ngãi:(Tất cả phường)-Quảng Ninh:(Tất cả phường)-Quảng Trị:(Tất cả phường)-Sơn La:(Tất cả phường)-Tây Ninh:(Tất cả phường)-Thanh Hóa:(Tất cả phường)-Tuyên Quang:(Tất cả phường)-Vĩnh Long:(Tất cả phường)...và 31 địa điểm khácThu gọn
2039590,26/03/2026,-Hồ Chí Minh:Phường Xuân Hòa
2033848,12/03/2026,-Hà Nội:Phường Yên Hòa
2023617,02/03/2026,"-Hà Nội:Số 1 Trần Hữu Dực, Mỹ Đình 2, Từ Liêm, Phường Từ Liêm"
2028357,04/03/2026,"-Hà Nội:đường Nguyễn Cơ Thạch, Mỹ Đình 1, Phường Từ Liêm"
1478645,26/03/2026,"-Hồ Chí Minh:77 Đinh Thị Thi, KĐT Vạn Phúc City, Thủ Đức, Phường Hiệp Bình"
2001821,09/07/2026,"-Hà Nội:số 119, 83 Vũ Đức Úy, Xã Thanh Trì"
2033889,26/03/2026,"-Hồ Chí Minh:Tầng 7, Tòa Vista Somerset, 628C Võ Nguyên Giáp, Phường An Khánh"
1989796,31/03/2026,"-Thái Nguyên:117 Đường Bắc Sơn, Phường Phan Đình Phùng"
1919772,26/03/2026,"-Hà Nội:N03-T8 Ngoại Giao Đoàn, Phường Xuân Đỉnh"
1245812,26/03/2026,"-Thanh Hóa:Khu CN Tây Bắc Ga, Phường Hạc Thành"
1600485,30/03/2026,"-Hà Nội:27 ngõ 16 Hoàng Cầu, Phường Ô Chợ Dừa"
1907615,31/03/2026,"-Hà Nội:Só 131 Trần Phú, Hà Đông, Phường Hà Đông"
2040422,26/03/2026,"-Hồ Chí Minh:67 Hoàng Văn Thái, Phường Tân Mỹ"
2039636,26/03/2026,"-Hà Nội:Tầng 3, toà nhà Green Park, phố Dương Đình Nghệ, Phường Cầu Giấy"
1793951,26/03/2026,"-Hà Nội:Tầng 5, toà D khách sạn thể thao, 15 lê Văn Thiêm, Phường Thanh Xuân-Hồ Chí Minh:Tầng trệt, 54/31 Phổ Quang, Phường 2, Phường Tân Bình"
2039350,26/03/2026,"-Hà Nội:Tòa Capital Palace 29 Liễu Giai, Ba Đình, Phường Ba Đình"
2001833,31/03/2026,"-Hồ Chí Minh:331 Trần Xuân Soạn, Phường Tân Hưng"
2040526,26/03/2026,"-Hồ Chí Minh:176/1 176/3, Đường Nguyễn Văn Thương, Phường Thạnh Mỹ Tây"
1986156,Không có deadline,Không có địa chỉ
2035902,Không có deadline,Không có địa chỉ
2035909,Không có deadline,Không có địa chỉ
2035927,Không có deadline,Không có địa chỉ
1690775,26/03/2026,"-Hà Nội:số 266 Đội Cấn, Phường Ngọc Hà"
2040175,31/03/2026,"-Hồ Chí Minh:đường Nguyễn Lương Bằng, Phường Tân Mỹ"
1770986,30/04/2026,"-Hà Nội:147 Hoàng Quốc Việt, Phường Nghĩa Đô"
2018794,31/03/2026,"-Hà Nội:677 Lạc Long Quân, Phường Phú Thượng"
2035902,Không có deadline,Không có địa chỉ
2035909,Không có deadline,Không có địa chỉ
2035927,Không có deadline,Không có địa chỉ
1690775,26/03/2026,"-Hà Nội:số 266 Đội Cấn, Phường Ngọc Hà"
2040175,31/03/2026,"-Hồ Chí Minh:đường Nguyễn Lương Bằng, Phường Tân Mỹ"
1770986,30/04/2026,"-Hà Nội:147 Hoàng Quốc Việt, Phường Nghĩa Đô"
2018794,31/03/2026,"-Hà Nội:677 Lạc Long Quân, Phường Phú Thượng"
1745398,31/03/2026,"-Hà Nội:Số 25 Trần Hưng Đạo, Hoàn Kiếm, Phường Hoàn Kiếm"
2040147,26/03/2026,"-Hà Nội:Tầng 19, tòa nhà FPT Tower, số 10 Phạm Văn Bạch, Cầu Giấy, Phường Cầu Giấy"
2040011,31/03/2026,"-Hà Nội:Tầng 19, tòa nhà FPT Tower, số 10 Phạm Văn Bạch, Cầu Giấy, Phường Cầu Giấy"
2033076,26/03/2026,"-Hồ Chí Minh:AHT TECH Văn phòng TP. Hồ Chí Minh - Tầng 7, Tòa nhà Jea Building, 112 Lý Chính Thắng, Phường Xuân Hoà, Phường Xuân Hòa"
2039967,26/03/2026,"-Hồ Chí Minh:384 Hoàng Diệu, Phường Khánh Hội"
2039858,31/03/2026,"-Hà Nội:C,TT9-6 KĐT Him Lam, Vạn Phúc, Phường Hà Đông"
2033348,31/03/2026,-Hồ Chí Minh:Phường An Khánh
2039935,26/03/2026,"-Hà Nội:22 Láng Hạ, Phường Láng"
2039906,26/03/2026,"-Hà Nội:1A Yết Kiêu, Phường Cửa Nam"
2039929,31/03/2026,"-Hà Nội:Tầng 19, FPT Tower, Số 10 Phạm Văn Bạch, Yên Hoà, Cầu Giấy, Phường Cầu Giấy"
2039957,26/03/2026,"-Hồ Chí Minh:384 Hoàng Diệu, Phường Khánh Hội-Hà Nội:101 Láng Hạ, Phường Đống Đa"
2039830,31/03/2026,"-Hồ Chí Minh:: L29B-31B-33B, Đường Tân Thuận, KCX Tân Thuận, Phường Tân Thuận"
2040571,31/03/2026,"-Hà Nội:Tầng 3, G2, FiveStar Garden, sô 2 Kim Giang, Phường Khương Đình"
2040573,26/03/2026,"-Hà Nội:55 Nguyễn Chánh, Phường Cầu Giấy"
1002984,30/03/2026,"-Hà Nội:6th Element Nguyễn Văn Huyên, Phường Nghĩa Đô"
1776698,30/03/2026,"-Hà Nội:6th Element Nguyễn Văn Huyên, Phường Nghĩa Đô"
2039577,26/03/2026,"-Hà Nội:Tầng 3, Tòa G2, Five Star Garden, Số 2 Kim Giang, Phường Khương Đình"
1982304,31/03/2026,"-Hà Nội:23 Duy Tân, Phường Cầu Giấy"
2039679,26/03/2026,"-Hà Nội:Tầng 3, toà nhà Green Park, phố Dương Đình Nghệ, Phường Cầu Giấy"
2039673,30/04/2026,"-Gia Lai:44a Phù Đổng, Phường Pleiku"
2039716,31/03/2026,"-Hà Nội:Tầng 19, FPT Tower, Số 10 Phạm Văn Bạch, Yên Hoà, Cầu Giấy, Phường Cầu Giấy"
2039720,26/03/2026,"-Hà Nội:1A Yết Kiêu, Phường Cửa Nam"
1918277,26/03/2026,"-Hà Nội:Số 11, Ngõ 89, Phố Kim Quan Thượng, Phường Việt Hưng, Long Biên, Phường Long Biên"
2004806,Không có deadline,Không có địa chỉ
2040088,31/03/2026,"-Hồ Chí Minh:495 Nguyễn Thị Thập, Phường Tân Hưng"
2039589,26/03/2026,"-Hà Nội:19 Duy Tân, Phường Cầu Giấy"
1808576,26/03/2026,"-Hồ Chí Minh:140 142 đường số 2 Khu đô thị Vạn Phúc, Phường Hiệp Bình"
2040381,Không có deadline,Không có địa chỉ
2017976,26/03/2026,"-Đà Nẵng:25 Hoá Sơn 10, Phường Hòa Cường"
1831206,30/04/2026,"-Hà Nội:Tòa nhà The West, 265 đường Cầu Giấy, Phường Cầu Giấy"
2039509,31/03/2026,"-Hồ Chí Minh:Tòa nhà Phú Mỹ Hưng, Phường Tân Mỹ"
1974619,26/03/2026,"-Hà Nội:Tầng 5, Toà G3, Yên Xá, Tân Triều, Phường Thanh Liệt"
2039527,31/03/2026,"-Hà Nội:157 Cầu Diễn, Phường Xuân Phương"
2039487,31/03/2026,"-Hà Nội:157 Cầu Diễn, Phường Xuân Phương"
2010161,Không có deadline,Không có địa chỉ
2039474,31/03/2026,"-Hồ Chí Minh:Tòa nhà Phú Mỹ Hưng, Phường Tân Mỹ"
1310775,26/03/2026,"-Hà Nội:19 Nguyễn Trãi, Phường Thanh Xuân"
2037584,26/03/2026,"-Hà Nội:39 Galaxy 5, 69 Tố  Hữu, Phường Hà Đông"
2039416,26/03/2026,"-Hà Nội:Tòa PVI, Số 1 Phạm Văn Bạch, Phường Cầu Giấy"
2036899,Không có deadline,Không có địa chỉ
2014148,31/03/2026,"-Hồ Chí Minh:Số 9 Đường Bát Nàn (cũ), Phường Bình Trưng"
1602884,28/03/2026,"-Hồ Chí Minh:số 7, đường số 42, Khu Đô Thị Vạn Phúc, Phường Hiệp Bình"
2030003,Lỗi,Lỗi
2039474,31/03/2026,"-Hồ Chí Minh:Tòa nhà Phú Mỹ Hưng, Phường Tân Mỹ"
1310775,26/03/2026,"-Hà Nội:19 Nguyễn Trãi, Phường Thanh Xuân"
2037584,26/03/2026,"-Hà Nội:39 Galaxy 5, 69 Tố  Hữu, Phường Hà Đông"
2039416,26/03/2026,"-Hà Nội:Tòa PVI, Số 1 Phạm Văn Bạch, Phường Cầu Giấy"
2036899,Không có deadline,Không có địa chỉ
2014148,31/03/2026,"-Hồ Chí Minh:Số 9 Đường Bát Nàn (cũ), Phường Bình Trưng"
1602884,28/03/2026,"-Hồ Chí Minh:số 7, đường số 42, Khu Đô Thị Vạn Phúc, Phường Hiệp Bình"
2030003,06/03/2026,-Hà Nội:Phường Cầu Giấy
1097307,11/03/2026,"-Hà Nội:Toà Viwaseen, 48 Tố Hữu, Phường Đại Mỗ"
2033137,11/03/2026,"-Hà Nội:Rainbow building, Văn Quán, Phường Hà Đông"
1997026,31/03/2026,"-Hà Nội:keangnam, Phường Yên Hòa"
2029719,06/03/2026,"-Hà Nội:Tầng 3, Tòa nhà Technosoft, Ngõ 15 Duy Tân, Phường Cầu Giấy"
2029650,06/03/2026,"-Hà Nội:Tầng 3, Toà N03T6, Khu đô thị Ngoại giao đoàn, Phường Xuân Đỉnh"
1947606,31/03/2026,"-Hồ Chí Minh:222 Điện Biên Phủ, Phường Xuân Hòa"
1948466,31/03/2026,"-Hồ Chí Minh:222 Điện Biên Phủ, Phường Xuân Hòa-Hồ Chí Minh:222 Điện Biên Phủ, Phường Xuân Hòa"
1812013,31/03/2026,"-Hà Nội:15 Tố Hữu, Phường Thanh Xuân"
2039064,25/03/2026,"-Hà Nội:V1-A02 Khu đô thị An Hưng, Phường Dương Nội"
2039077,25/03/2026,"-Hà Nội:Tòa Stellar Garden, 35 Lê Văn Thiêm, Thanh Xuân, Phường Thanh Xuân"
1741297,31/03/2026,"-Hồ Chí Minh:Đường số 24, KCX Tân Thuận, Phường Tân Thuận"
2039131,25/03/2026,"-Hà Nội:Tầng 5, Khu Văn Phòng Tòa N01-T4, Đường Hoàng Minh Thảo, Phường Xuân Đỉnh"
2039140,25/03/2026,"-Hồ Chí Minh:781/D2 Lê Hồng Phong, Phường Hòa Hưng"
2039148,31/03/2026,"-Hà Nội:Tòa CMC, số 11 Duy Tân, Phường Cầu Giấy"
1799870,25/03/2026,"-Hà Nội:Tòa nhà Kim Hoàn, ngõ 19 Duy Tân, Phường Cầu Giấy"
1413658,25/03/2026,"-Hà Nội:The Nine, số 9 Phạm Văn Đồng, Phường Phú Diễn"
2039187,25/03/2026,"-Hồ Chí Minh:Tòa Nhà Bluesky Office, Số 01 Bạch Đằng, Phường Tân Sơn Hòa"
2038154,31/03/2026,"-Hà Nội:Tầng 10, tòa nhà văn phòng Nam Cường, Km4 đường Tố Hữu, Phường Dương Nội-Hồ Chí Minh:Tầng 5, tòa văn phòng PTS, 118 Huỳnh Tấn Phát, Phường Tân Hưng"
2039238,25/03/2026,"-Đà Nẵng:Khu công nghệ cao, Phường Liên Chiểu"
1655202,31/03/2026,"-Hà Nội:106 Trung Phụng, Phường Đống Đa"
2010107,25/03/2026,"-Hồ Chí Minh:5-7 Nguyễn Huy Tưởng, Phường Bình Thạnh-Hà Nội:53 Thái Hà, Phường Đống Đa"
1990044,31/03/2026,"-Hà Nội:Tầng 4, số 5 ngõ 82 Dịch Vọng Hậu, Phường Cầu Giấy"
1990029,31/03/2026,"-Hà Nội:Tầng 4, số 5 ngõ 82 Dịch Vọng Hậu, Phường Cầu Giấy"
2019009,25/03/2026,"-Hà Nội:Tòa nhà Sao Bắc, Số 4 Dã Tượng, Phường Cửa Nam"
2038868,25/03/2026,"-Hà Nội:Liền kế 2 ô số 3 khu đô thị Xa La hà, Phường Hà Đông"
728831,31/03/2026,-Hà Nội:Phường Từ Liêm
1951677,25/03/2026,"-Hồ Chí Minh:Tòa nhà Nguyên Lâm 133 Dương Bá Trạc, Phường Chánh Hưng-Hồ Chí Minh:Phường Phú Định-Hồ Chí Minh:Phường Bình Đông"
1743900,25/03/2026,"-Hồ Chí Minh:133 Dương Bá Trạc, Phường Chánh Hưng"
2033325,25/03/2026,"-Hà Nội:Số 165 Bà Triệu, Phường Hai Bà Trưng"
1720313,31/03/2026,"-Hà Nội:15 Tố Hữu, Phường Thanh Xuân"
1632538,25/03/2026,"-Hà Nội:Số 1 3 Ngõ 285 Khuất Duy Tiến, Phường Đại Mỗ"
2039322,Không có deadline,Không có địa chỉ
2016426,25/03/2026,"-Hồ Chí Minh:E50, Đường số 9, Khu Himlam Thành phố Hồ Chí Minh, Việt Nam, Phường Tân Hưng"
1981609,25/03/2026,"-Hà Nội:Số 74 Vũ Phạm Hàm, Phường Yên Hòa"
1964120,25/03/2026,"-Hà Nội:53 Thái Hà, Phường Đống Đa"
1848271,25/03/2026,-Hà Nội:(Tất cả phường)
2016152,31/03/2026,"-Hà Nội:Số 24 phố Trung Hòa, phường Trung Hòa, Phường Cầu Giấy"
2038817,25/03/2026,"-Huế:18 Lê Lợi, Phường Thuận Hóa"
1637202,31/03/2026,-Hải Phòng:(Tất cả phường)
1977543,31/03/2026,"-Hà Nội:315 Trường Chinh, Phường Phương Liệt"
2038830,25/03/2026,-Hà Nội:Phường Cầu Giấy
2038842,31/03/2026,"-Hà Nội:Tòa CMC, số 11 Duy Tân, Phường Cầu Giấy"
